data,0.462144715
0.566328492,0.575614779
0.028307705,0.101132624
0.1737712,0.766557561
0.64202778,0.241972217
0.393442723,0.833277193
0.971850773,0.170453534
0.06429582,0.287172565
0.767788469,0.391569587
0.153697605,0.258913993
0.61055632,0.343719782
0.414065069,0.417315802
0.5424326,0.125248072
0.052785078,0.859187379
0.028902631,0.294880114
0.978722924,0.851429626
0.058642031,0.120717605
0.55164542,0.31353153
0.36688468,0.234398045
0.779838395,0.647796137
0.252322935,0.04842666
0.282921942,0.922761167
0.547864643,0.121651684
0.016129419,0.486180891
0.920411838,0.497367194
0.138385549,0.480477935
0.21357596,0.162828422
0.844119053,0.992987248
0.479999755,0.59436847
0.382071039,0.544924804
0.627397026,0.697537838
0.405343887,0.40286071
0.007429845,0.485018925
0.114191194,0.18940069
0.770207243,0.736200721
0.284287731,0.590675347
0.667747037,0.62558081
0.123045297,0.012235768
0.324122479,0.313658523
0.862398024,0.232773773
0.508689279,0.816245697
0.435772449,0.245500771
0.171107719,0.973051832
0.946038351,0.041785382
0.546800553,0.049142523
0.402192325,0.3493443
0.401558056,0.738677932
0.224617312,0.426815646
0.414310454,0.35493967
0.346245461,0.621067124
0.697860238,0.050262783
0.785119718,0.103675227
0.650592164,0.171434912
0.526916009,0.526464643
0.443655275,0.921726984
0.938655991,0.279541882
0.430518493,0.634602851
0.009723367,0.100294059
0.853814805,0.66431986
0.105943602,0.508426152
0.174855022,0.609780031
0.740993956,0.160265978
0.035448878,0.277665393
0.076308032,0.118357656
0.479040527,0.547755156
0.851874168,0.891835414
0.866232942,0.000904046
0.746190982,0.568911365
0.30665242,0.111707485
0.032851126,0.70893835
0.649639354,0.142189415
0.146259313,0.600808473
0.94921814,0.958067317
0.041923601,0.339356508
0.538410938,0.717716973
0.642655302,0.215605601
0.870317996,0.207183984
0.406114851,0.914019503
0.908796337,0.803475024
0.652211812,0.550992914
0.894082825,0.748789843
0.471925489,0.578349394
0.679140523,0.715700841
0.17356382,0.447716719
0.865516309,0.566679721
0.10301815,0.36504144
0.749622776,0.690449087
0.975053743,0.797082124
0.035363796,0.907601232
0.365681956,0.142800674
0.609080114,0.556335084
0.260574678,0.077731875
0.765224677,0.936486796
0.390954611,0.711403818
0.180414798,0.985693519
0.116336628,0.781111334
0.444922047,0.484303216
0.616333019,0.954672918
0.585622331,0.703639808
0.16984435,0.781181334
0.725021122,0.114235959
0.292509616,0.013524586
0.291609833,0.742841141
0.71634015,0.075748599
0.586959564,0.027528215
0.134642169,0.216454138
0.340280874,0.80602647
0.504522748,0.786137859
0.659449467,0.774208227
0.648449692,0.336240508
0.188521466,0.17025275
0.733507122,0.110371353
0.892369768,0.473613017
0.469924691,0.572309202
0.364768467,0.841750074
0.979329017,0.572975035
0.643932663,0.780587441
0.449430499,0.073423711
0.301863059,0.888618267
0.736827459,0.042341158
0.203730286,0.621903582
0.686949932,0.159391107
0.000731963,0.742544412
0.281084851,0.959597779
0.271712744,0.341344979
0.413268966,0.572600273
0.655989576,0.247895804
0.725446956,0.617362829
0.624431687,0.46577427
0.509542163,0.664324183
0.362835923,0.017542052
0.124372436,0.235937204
0.799492904,0.196678718
0.98187868,0.7205174
0.317292843,0.141505553
0.221538394,0.877373572
0.331191426,0.254957786
0.938424094,0.694907723
0.093380586,0.55375325
0.362273002,0.629313831
0.687599728,0.040730225
0.59774021,0.26452262
0.307931572,0.542701305
0.138230329,0.284476071
0.753106432,0.209262733
0.392593518,0.299854465
0.914555279,0.620465044
0.457456088,0.864826346
0.65863166,0.64488401
0.918313567,0.424345812
0.213725305,0.980192537
0.52208151,0.258076542
0.998023083,0.749686151
0.236405263,0.932955704
0.269487994,0.967021276
0.173321017,0.966049138
0.7712953,0.773070083
0.505140468,0.462699501
0.333498105,0.996884138
0.208631847,0.346999476
0.046608789,0.226327475
0.359061508,0.222881289
0.590819169,0.155755955
0.602364219,0.907172566
0.359856604,0.834032536
0.436798721,0.323969806
0.570362899,0.612461684
0.816898244,0.023296194
0.375725569,0.237684255
0.360961046,0.813447297
0.193995548,0.470846386
0.842451534,0.827135455
0.655810731,0.723098527
0.789884518,0.858253692
0.878183104,0.570724518
0.130194498,0.994193268
0.368018675,0.364653603
0.626371893,0.771992209
0.185335954,0.315401621
0.429136155,0.486349499
0.139720287,0.912164508
0.599114663,0.21901354
0.335067004,0.0995827
0.706138898,0.654021266
0.775909088,0.040671003
0.942687362,0.065766472
0.283994221,0.822647009
0.127704808,0.012248559
0.818338468,0.78768955
0.595186536,0.731802448
0.502009261,0.132999727
0.131592606,0.626065579
0.86280021,0.852460796
0.467184002,0.926852178
0.361011394,0.796822257
0.0476891,0.409324427
0.553667318,0.176994765
0.543825364,0.491983045
0.655921001,0.293422976
0.120286263,0.804924388
0.170121103,0.092484939
0.368379396,0.607799981
0.137418495,0.737232209
0.570101206,0.855804835
0.313348195,0.244134006
0.312659014,0.42926179
0.272795886,0.495188332
0.500840415,0.7615987
0.659189189,0.364933847
0.182958186,0.233335338
0.58264118,0.869495294
0.154245388,0.419691206
0.977123799,0.576849638
0.456530017,0.194629963
0.540817719,0.089296436
0.170204349,0.905491273
0.435748047,0.028954278
0.070723077,0.933675853
0.71540696,0.701754451
0.676381713,0.417850867
0.230254932,0.674897083
0.896004199,0.715866701
0.535337135,0.805461503
0.256964486,0.318240909
0.669764924,0.581784173
0.436069233,0.441378696
0.808720882,0.109566533
0.127879082,0.803738824
0.151974918,0.637784337
0.98449737,0.698309396
0.905786287,0.518893131
0.735261461,0.106695918
0.342378348,0.63154896
0.452286739,0.695363942
0.929992405,0.49836407
0.188170044,0.190755976
0.693193682,0.423491669
0.946797037,0.683922909
0.897679977,0.565536725
0.164847806,0.834061285
0.948875232,0.041635166
0.465534572,0.899751554
0.566270744,0.344503481
0.911213875,0.083059066
0.56003072,0.608223954
0.506874137,0.318044723
0.821333274,0.59827069
0.357086978,0.019247408
0.80894358,0.734755095
0.500236354,0.357281326
0.698567276,0.025966445
0.621092335,0.212023548
0.60100495,0.509612852
0.002607748,0.310540987
0.663290396,0.978637367
0.858288711,0.79267
0.349560651,0.220889941
0.357913985,0.763238669
0.650281607,0.829044653
0.999163101,0.706704607
0.687101401,0.742726868
0.190756396,0.465691247
0.430294836,0.57242126
0.775903828,0.291870258
0.713297467,0.723003417
0.411970364,0.147553861
0.377692537,0.349897044
0.137707844,0.988544808
0.037767134,0.212131317
0.25164539,0.587516632
0.248620744,0.123584189
0.3767916,0.872808999
0.688584887,0.444644554
0.479014938,0.702120022
0.992626354,0.933049372
0.432100268,0.865120065
0.630177277,0.094717258
0.474283137,0.379246475
0.288763501,0.544936386
0.642919507,0.564097019
0.685878104,0.179310388
0.590910064,0.89407454
0.490176158,0.377380899
0.383238965,0.267716712
0.127751669,0.240354743
0.920577239,0.896200041
0.610475179,0.974962491
0.545124603,0.481677025
0.713650652,0.342037151
0.280063684,0.806098334
0.528425235,0.685733925
0.782192146,0.137462081
0.230864476,0.610499882
0.04645093,0.216476195
0.915810887,0.871298734
0.82326663,0.773223122
0.404655172,0.958975984
0.242336725,0.706466604
0.291135544,0.371071694
0.202472826,0.866575185
0.838495766,0.87783683
0.054851733,0.182504973
0.715931674,0.985436413
0.096178616,0.185016541
0.170356921,0.931671848
0.779162801,0.029686647
0.834269635,0.847172644
0.554449797,0.55799228
0.332693706,0.379934048
0.016757175,0.393036979
0.951510894,0.107700861
0.726832174,0.129942919
0.979676942,0.65587468
0.457051739,0.759893199
0.560952403,0.952948898
0.866070983,0.14692097
0.352391066,0.733275006
0.81066662,0.525462771
0.557057587,0.181638954
0.051834712,0.915373974
0.48686075,0.513125187
0.942211469,0.787830428
0.183742427,0.354146581
0.594278963,0.776095331
0.267815244,0.810213412
0.054490579,0.315752613
0.107839778,0.898598301
0.109549895,0.061340422
0.737189999,0.290936116
0.838319661,0.74282747
0.585772915,0.384425311
0.454852291,0.522070305
0.477718894,0.188814564
0.128379847,0.994645127
0.477134287,0.019324117
0.400987292,0.295696186
0.635226066,0.638055573
0.584570692,0.984697969
0.094005468,0.281072828
0.897709238,0.686196051
0.836142209,0.648031353
0.492026233,0.421473635
0.660589575,0.863407477
0.372559561,0.961158658
0.028592784,0.140158742
0.654972341,0.403536668
0.571742684,0.860918573
0.563288904,0.128201342
0.842807821,0.820616035
0.677988054,0.366302221
0.251232431,0.697670755
0.018242965,0.393995705
0.767118318,0.780800826
0.426958524,0.130321073
0.073634467,0.729714305
0.049693075,0.00928788
0.086784512,0.322510228
0.829879298,0.42260289
0.199366598,0.707790841
0.946282979,0.029424914
0.455163158,0.279430949
0.167579722,0.539816038
0.86233794,0.004947703
0.040283807,0.635876716
0.7801845,0.761190918
0.792257951,0.058497334
0.149269456,0.03628039
0.240708584,0.500812857
0.599657699,0.172047949
0.89063548,0.343993261
0.385577999,0.411269391
0.694517075,0.641483879
0.41520735,0.110534003
0.78155587,0.145657967
0.591798472,0.636346218
0.908103833,0.393970974
0.44275051,0.624356667
0.45130792,0.780701323
0.31629641,0.557488329
0.768516917,0.963240682
0.064039504,0.804269426
0.221405298,0.884005859
0.270221657,0.576266354
0.10501083,0.146552081
0.799906353,0.337570892
0.394855931,0.420591883
0.123828955,0.092615856
0.466159357,0.931512251
0.267820356,0.086451373
0.894623049,0.010031049
0.309128182,0.654835516
0.61028348,0.866351865
0.821350312,0.435554894
0.406870228,0.100819082
0.177804686,0.653337713
0.023362012,0.980889613
0.659913894,0.747565979
0.419203659,0.872766491
0.93669984,0.93931373
0.508944437,0.427352342
0.562728699,0.185679807
0.416145271,0.068911802
0.790353459,0.615340892
0.633810424,0.160268417
0.492575067,0.864138659
0.193261824,0.185966628
0.491417249,0.241228101
0.864631688,0.454689365
0.291554895,0.923204696
0.226752831,0.797927834
0.337755271,0.056578769
0.225244235,0.325157017
0.544452702,0.694794551
0.454711085,0.688431887
0.674122596,0.142724366
0.386045528,0.479535509
0.648401542,0.036564375
0.191202841,0.884372438
0.342651039,0.108730786
0.692332093,0.113160878
0.228741857,0.942874646
0.299941602,0.734185762
0.296775007,0.456099892
0.30030229,0.571098952
0.124148613,0.828323274
0.230396871,0.307145658
0.459791294,0.763646719
0.10955927,0.407637901
0.393709676,0.342032742
0.652409871,0.006330675
0.207268992,0.028127009
0.745879772,0.323980853
0.936652856,0.523754007
0.118833173,0.926800345
0.611238546,0.545899384
0.32621151,0.918322084
0.758018709,0.341636879
0.167470923,0.192816212
0.954934478,0.473511778
0.997872429,0.196688005
0.579897035,0.599657339
0.413816063,0.556223845
0.081079507,0.166358844
0.106295911,0.994490776
0.344973781,0.847791782
0.915774469,0.284978379
0.247328054,0.659173276
0.2501423,0.997854137
0.641921006,0.588824425
0.397869384,0.857520216
0.473869617,0.976389399
0.541213482,0.566446829
0.048939356,0.889995558
0.416542386,0.498491695
0.323919541,0.878423344
0.242975633,0.245527865
0.147427715,0.913551679
0.550517472,0.662711642
0.636069976,0.919401975
0.461208659,0.067856752
0.944782648,0.926285848
0.667369317,0.435142611
0.631079019,0.44412468
0.188715214,0.109270275
0.335760878,0.358632423
0.748688992,0.925840144
0.020702502,0.674910354
0.90534898,0.624702727
0.654819231,0.446776925
0.499463449,0.546015667
0.049822045,0.264208524
0.360051822,0.737795838
0.026281807,0.277966069
0.9591293,0.912872239
0.331342084,0.366244679
0.912974603,0.115701664
0.650444444,0.778318516
0.64644368,0.010488295
0.002613029,0.079725285
0.084655963,0.716574569
0.031807182,0.105945988
0.156063817,0.684080783
0.513936202,0.076051489
0.603792834,0.585082504
0.444077952,0.23150462
0.758164712,0.618498365
0.275569254,0.484763113
0.459520814,0.856488924
0.663895005,0.762971242
0.474442253,0.979791323
0.142075917,0.449872127
0.438125595,0.496522081
0.589595818,0.760525486
0.503150213,0.777710236
0.87688988,0.140010998
0.019020264,0.528161041
0.543199732,0.369137722
0.710411069,0.836053325
0.782390514,0.280999133
0.308749144,0.015925663
0.899183581,0.327643515
0.283053134,0.620107688
0.276637303,0.174189898
0.58508474,0.385209871
0.590480079,0.062323185
0.213563789,0.892185052
0.102487879,0.631399611
0.14297578,0.647467731
0.859390942,0.085656101
0.158652324,0.94128117
0.81455329,0.584948514
0.068030438,0.434785033
0.799543259,0.446815397
0.463968142,0.165902449
0.554555515,0.870001357
0.448241307,0.678765238
0.802869984,0.82024188
0.034773003,0.856127944
0.727466604,0.726062135
0.454143406,0.671145913
0.823833977,0.97668184
0.340146856,0.380924941
0.225067637,0.939208533
0.476205201,0.66672428
0.543818095,0.254069795
0.243946574,0.936379782
0.616370607,0.140835604
0.296847712,0.142723951
0.49347521,0.550166397
0.318784033,0.132113286
0.490410538,0.674855886
0.384212236,0.079285894
0.12023213,0.906067399
0.318743586,0.067760172
0.478463616,0.944858849
0.995821853,0.550872777
0.221107265,0.834867578
0.291989704,0.015779026
0.758814471,0.074611433
0.892751718,0.925764402
0.60063077,0.439442537
0.05078517,0.177888295
0.342736085,0.711487742
0.638148831,0.800480258
0.723913881,0.105090149
0.267862116,0.763352261
0.612339791,0.459203567
0.925976868,0.420873164
0.671877004,0.366375169
0.91734153,0.264315987
0.703998575,0.421978235
0.142645108,0.238025264
0.585122573,0.335379877
0.109550865,0.261564859
0.84964064,0.921728479
0.63379083,0.059744963
0.429793961,0.37307859
0.864751962,0.835191654
0.875953701,0.014362062
0.65065776,0.608165189
0.816094103,0.870431714
0.963400365,0.749137924
0.459133577,0.023116434
0.620970666,0.101445549
0.447384852,0.514416323
0.713919334,0.693364513
0.298658046,0.929859579
0.171091957,0.102923237
0.7583949,0.92170134
0.577723724,0.829217367
0.499761668,0.334552703
0.835226776,0.685302362
0.77559611,0.3866875
0.443713826,0.649117307
0.757027738,0.412238433
0.888071335,0.906345335
0.682077716,0.117845315
0.089282552,0.812226861
0.304181546,0.708929826
0.225301308,0.068567451
0.823505783,0.793798577
0.293551641,0.832944774
0.78178343,0.585818941
0.376503438,0.134216615
0.305238736,0.732332386
0.488525997,0.931844129
0.976179292,0.981914703
0.117942662,0.137191247
0.655361826,0.179054061
0.742545307,0.154035239
0.057673373,0.127231686
0.695977146,0.145592208
0.473092084,0.325034836
0.414645234,0.94147081
0.332628977,0.593745847
0.191378303,0.56158247
0.017943426,0.208693222
0.443501118,0.07052486
0.646284835,0.14462816
0.250643444,0.993420163
0.903869091,0.708030304
0.508256356,0.892405182
0.039129393,0.708354238
0.142919091,0.265932553
0.841977347,0.314472857
0.992860878,0.945704467
0.05426715,0.453077894
0.644282317,0.123021146
0.672571423,0.892716028
0.260759122,0.692765453
0.971803791,0.335594512
0.598761492,0.021156397
0.001952379,0.686828117
0.417253903,0.939464499
0.681343616,0.709212561
0.109003226,0.151853511
0.432596454,0.919212291
0.522287201,0.402598288
0.377070731,0.350931122
0.070372189,0.933628616
0.760259865,0.204495562
0.255614795,0.984701074
0.920495105,0.529928671
0.248139871,0.335432534
0.457245417,0.104457831
0.322911891,0.536305269
0.411230789,0.363332597
0.301463453,0.927884258
0.719176182,0.835740202
0.33382927,0.275318097
0.576850293,0.307804706
0.996350251,0.904020348
0.004609502,0.98725797
0.520446646,0.103670261
0.921800894,0.633537208
0.303516215,0.421732459
0.659108266,0.676347175
0.259005075,0.879516228
0.595029988,0.876859803
0.514104054,0.349875893
0.322753884,0.692263194
0.490580192,0.21516101
0.812200104,0.553663261
0.511269249,0.863238678
0.565817244,0.835572957
0.681187969,0.01130927
0.47113804,0.978061184
0.365032992,0.39970272
0.143565502,0.139406007
0.275295145,0.637556085
0.83440944,0.503895835
0.260296216,0.408697011
0.518874484,0.208135565
0.76904502,0.54042836
0.500391202,0.62011795
0.360439111,0.084086887
0.01655448,0.030513355
0.041420223,0.265765287
0.110099134,0.54944396
0.132276368,0.157703961
0.083742051,0.421051086
0.380858759,0.796692061
0.492409899,0.913483846
0.223759562,0.707351927
0.386359984,0.339173105
0.219998945,0.981982081
0.872418084,0.706942389
0.462973797,0.828398442
0.558897546,0.422957025
0.260448066,0.572774022
0.817440452,0.413381281
0.197671124,0.341477251
0.633623744,0.313085533
0.630404459,0.819066401
0.151781219,0.045640697
0.161643736,0.91049889
0.878954823,0.447366921
0.101760952,0.953252482
0.541410945,0.103790067
0.116663017,0.196678183
0.49300648,0.191098332
0.944230922,0.260152372
0.996752236,0.773125313
0.368471117,0.145154059
0.57221161,0.627438442
0.438678805,0.991198194
0.555135226,0.056064937
0.689951815,0.856121036
0.103768277,0.130185019
0.245668515,0.591628579
0.395333182,0.490538048
0.320478563,0.294122988
0.755425506,0.905221282
0.073694621,0.905228202
0.36107112,0.963237419
0.312199357,0.08416325
0.720802979,0.57918428
0.122322642,0.685263688
0.981487114,0.55375894
0.8261283,0.019489728
0.552724059,0.591710949
0.280769203,0.852191097
0.282872471,0.03703863
0.502568079,0.524767771
0.550457976,0.26433931
0.015780802,0.473481693
0.294119778,0.655020964
0.607101253,0.784921865
0.793231192,0.203057266
0.712250706,0.818561394
0.059049054,0.771689393
0.720014103,0.180583962
0.546985809,0.357630883
0.159485538,0.786579525
0.463774515,0.638995024
0.815924156,0.086945388
0.925598173,0.181610078
0.049935161,0.292142175
0.142216862,0.583440636
0.231922647,0.418194552
0.746934585,0.148873266
0.483703561,0.999728966
0.686076673,0.637987182
0.557021638,0.663258113
0.433410176,0.936222869
0.767601733,0.276221696
0.355777325,0.768075348
0.947365894,0.787810242
0.906771562,0.836846398
0.592608878,0.458743492
0.326395973,0.162581775
0.686320198,0.766789196
0.612625378,0.398607616
0.852177556,0.744859115
0.084197969,0.451069881
0.792866686,0.914786951
0.149808063,0.678577186
0.712861598,0.360217361
0.588898186,0.890939315
0.60824082,0.951560372
0.393137204,0.569644612
0.048337194,0.370264963
0.37213614,0.347049055
0.121857021,0.265171529
0.783511826,0.918605517
0.666130607,0.230751935
0.148693831,0.140088204
0.186775527,0.407572147
0.312392061,0.88489897
0.965877546,0.835497339
0.201428133,0.203748383
0.371563163,0.174389815
0.984830468,0.855573569
0.233164642,0.528049557
0.144678458,0.473277499
0.677481976,0.02009305
0.133407432,0.307040838
0.537742909,0.951671539
0.129567374,0.31935977
0.398643226,0.735536699
0.815461736,0.124072279
0.265994219,0.412204106
0.105795847,0.822121838
0.940286741,0.724976244
0.0633549,0.808602558
0.435722212,0.639067657
0.520844501,0.555745266
0.308996819,0.547763166
0.675131399,0.05533787
0.730822014,0.226911582
0.833487818,0.702476154
0.328767959,0.872668027
0.220145376,0.599731999
0.701793758,0.859500538
0.951429983,0.801687099
0.454672857,0.940889914
0.431090404,0.261702612
0.132944442,0.94224227
0.166439049,0.607502249
0.266471996,0.394403007
0.97430534,0.835612392
0.303787194,0.614641533
0.841500569,0.466973178
0.832454906,0.240868948
0.415967908,0.474613067
0.352633454,0.830427735
0.607346087,0.767201815
0.350535254,0.137826978
0.345579057,0.938325558
0.478590264,0.860304188
0.788866731,0.506410653
0.650290397,0.440045003
0.618540507,0.053006991
0.531627027,0.029958677
0.253018494,0.911675275
0.285022626,0.076250365
0.149215078,0.881704817
0.881064542,0.674536153
0.351531145,0.827291794
0.349061485,0.142524056
0.70591442,0.960912541
0.879064508,0.176896503
0.762656199,0.514251817
0.568309088,0.545549134
0.453296479,0.916637977
0.19802136,0.280466922
0.006070766,0.276046427
0.382828214,0.321181802
0.420812782,0.529495073
0.806012424,0.686942859
0.730339135,0.621044129
0.364793216,0.314493358
0.969264905,0.383598128
0.975397601,0.706854471
0.800962656,0.912118387
0.478168378,0.832520449
0.698281329,0.297331949
0.869022494,0.398976921
0.787098427,0.436140726
0.180872167,0.575035139
0.219627709,0.193947903
0.541741061,0.326271888
0.547895694,0.896724691
0.77142762,0.763498506
0.815000228,0.825973644
0.768880645,0.530528039
0.965873665,0.425050089
0.477950131,0.434847616
0.537939051,0.672796322
0.012273428,0.837110467
0.682361804,0.377863388
0.198604846,0.822429394
0.75057788,0.544190158
0.365037281,0.374144481
0.158530516,0.228899986
0.72814337,0.973893024
0.417163735,0.23056896
0.221299907,0.510231679
0.191809719,0.671222089
0.364556701,0.012211303
0.152762787,0.248580473
0.744796491,0.964691028
0.475118106,0.01003982
0.476310354,0.220364133
0.001955001,0.087101246
0.142660463,0.531101045
0.1136809,0.39531728
0.226492088,0.019369725
0.296692529,0.167133133
0.311496179,0.496380899
0.516029683,0.423679272
0.91951705,0.327819342
0.647298518,0.212815257
0.483136033,0.41366695
0.293747864,0.772767071
0.498901847,0.355410066
0.840645689,0.955137943
0.073217184,0.334728478
0.680656529,0.449546022
0.49262079,0.026171901
0.584496177,0.937845243
0.378667071,0.541879404
0.242339019,0.169483837
0.910159356,0.029871273
0.922732287,0.244883627
0.845877081,0.518415769
0.560051122,0.49231205
0.964150531,0.994299973
0.951721109,0.275938762
0.540547676,0.483811205
0.057447763,0.20766436
0.765988458,0.402161392
0.185247069,0.442930488
0.000395913,0.336969611
0.575648421,0.53857713
0.379067472,0.679653913
0.557403215,0.532382267
0.806250259,0.699732459
0.690399953,0.622175652
0.534949921,0.815453741
0.879945079,0.411719901
0.691477772,0.839918027
0.912216756,0.036025302
0.259639688,0.813998447
0.46773268,0.57499074
0.599278576,0.81059201
0.456196572,0.170542279
0.449626024,0.578743944
0.072710295,0.480291399
0.969192313,0.66112862
0.279202339,0.519524912
0.014320697,0.029930612
0.482487403,0.663735265
0.973312212,0.596251404
0.296812174,0.852861623
0.377642918,0.456383473
0.276255096,0.75018117
0.429261206,0.483981294
0.245398472,0.188121987
0.264151648,0.774511648
0.924876562,0.017374944
0.704243213,0.830901389
0.413852714,0.001530461
0.591204884,0.067304097
0.407305667,0.216210253
0.820269958,0.964764743
0.51449202,0.0754399
0.063123988,0.439667921
0.833510875,0.903381289
0.462478783,0.488067743
0.249844044,0.299710257
0.995047269,0.84573684
0.374066768,0.181014547
0.523264238,0.246079258
0.272101502,0.737801141
0.882874987,0.837301274
0.917687829,0.749669076
0.470804206,0.152170059
0.704605436,0.416433679
0.687807653,0.933957929
0.36228113,0.729919357
0.48144922,0.51666234
0.250806864,0.995581385
0.308317186,0.557304169
0.434678392,0.184299142
0.888788173,0.505663764
0.987926986,0.26533988
0.37413112,0.594508024
0.137884278,0.78904502
0.788586585,0.865702692
0.929919045,0.302343985
0.81916812,0.707712531
0.643851322,0.845424237
0.332306224,0.464360899
0.348359697,0.823827039
0.441110504,0.517469755
0.977515287,0.535672517
0.533107653,0.296953783
0.886036636,0.962738314
0.974379009,0.816419072
0.690196843,0.441609704
0.215825163,0.941663094
0.934763944,0.418333732
0.34038394,0.102402701
0.285957682,0.815521476
0.215487587,0.043147848
0.904740851,0.380555902
0.249123762,0.270945607
0.276018911,0.956603837
0.989574407,0.084827712
0.263790818,0.875248127
0.774735495,0.597766454
0.157153987,0.110565354
0.016969871,0.19089357
0.831802442,0.475214512
0.882059478,0.507745363
0.854338931,0.033510811
0.983416264,0.889988943
0.357524339,0.169541294
0.778732363,0.796663261
0.303097926,0.786288542
0.592630523,0.676782052
0.347315653,0.154282811
0.130752566,0.434427806
0.12808048,0.663327047
0.608119316,0.692052673
0.128815365,0.120632322
0.792367093,0.247420137
0.694010448,0.043723462
0.751064162,0.112456996
0.598272236,0.626998546
0.808538998,0.716715607
0.590663614,0.861484553
0.36910328,0.76944509
0.552324591,0.33996345
0.031707255,0.599235485
0.887399834,0.309821886
0.850285631,0.78302651
0.389455541,0.774023853
0.41162939,0.118389037
0.300619743,0.344259906
0.851999115,0.428564234
0.047274059,0.128184956
0.593697544,0.323662054
0.972909794,0.482424547
0.511297347,0.706243272
0.148473895,0.830063404
0.801937527,0.901850793
0.915751089,0.042918153
0.96964821,0.998291302
0.755095955,0.784545444
0.757911785,0.146069979
0.021701396,0.261255165
0.505384417,0.830558596
0.29001927,0.320605663
0.057013031,0.439545165
0.888294489,0.392654718
0.697343531,0.670944632
0.596014646,0.3066835
0.74233328,0.033330287
0.980443489,0.189128435
0.769901274,0.199079069
0.533588183,0.791942607
0.507422355,0.585165026
0.670618661,0.648232471
0.197707161,0.090526904
0.989517557,0.002109968
0.353537728,0.354980317
0.120354523,0.557588587
0.185606829,0.689604311
0.531398741,0.641970527
0.769350423,0.1222106
0.281605558,0.028897648
0.055830461,0.931391659
0.254689033,0.725330998
0.710119955,0.670962965
0.032245568,0.570203763
0.479349759,0.524469945
0.330646394,0.231930804
0.9115274,0.916535803
0.099597865,0.062384887
0.90069759,0.793936788
0.639999389,0.577654357
0.148416556,0.479165169
0.254803723,0.616128344
0.095493825,0.743879122
0.817437161,0.181830311
0.43689275,0.072278949
0.715836809,0.189701646
0.436286954,0.131614
0.375218831,0.807002781
0.751465995,0.019268561
0.263853844,0.440395622
0.854685697,0.271753226
0.184547412,0.284869889
0.169127593,0.244035369
0.349949329,0.285477816
0.654915903,0.629480589
0.676260174,0.862640907
0.493591167,0.631017944
0.325129088,0.907028223
0.713159313,0.26279028
0.188931227,0.095971354
0.136372023,0.903615946
0.049529714,0.880923236
0.560061936,0.039034255
0.712212935,0.796806124
0.16470465,0.617330001
0.258578434,0.155963703
0.722041762,0.824771576
0.356848374,0.865777249
0.678059869,0.263785787
0.122931541,0.04463706
0.162476113,0.895982854
0.413704286,0.703000113
0.577051222,0.103170805
0.753594795,0.783849972
0.461110544,0.627230683
0.11294056,0.996347852
0.809665735,0.491634608
0.859650845,0.383599073
0.183285508,0.846093408
0.541439364,0.561802426
0.820554184,0.161773774
0.06822794,0.433609216
0.798079054,0.997787678
0.814988489,0.049870464
0.403535428,0.057452114
0.193331294,0.321921998
0.821645071,0.582782223
0.631633257,0.242982234
0.373280928,0.029547903
0.909109197,0.896037241
0.369935392,0.028403007
0.407954986,0.150038777
0.780198662,0.360685789
0.886227258,0.321378653
0.461130688,0.670073217
0.395524173,0.960979478
0.87167101,0.927233656
0.884799513,0.564201129
0.13764627,0.117549452
0.939270203,0.393873238
0.24086096,0.127542425
0.396794037,0.265379831
0.759685784,0.247971135
0.256681513,0.089800672
0.750578874,0.562371385
0.588837768,0.438521822
0.641605187,0.230631179
0.784993912,0.72319997
0.562131598,0.990993454
0.603428338,0.584749851
0.687039271,0.383542529
0.311564784,0.680600837
0.423444896,0.670214635
0.405224706,0.983660681
0.442699147,0.161515428
0.520298923,0.759455769
0.394960308,0.269531602
0.653313972,0.892469738
0.048240682,0.118086058
0.324515035,0.013384276
0.797500741,0.35670076
0.585327329,0.930638192
0.633539267,0.580534709
0.794560757,0.51817816
0.609040164,0.511991561
0.58264979,0.014155722
0.907890935,0.350199718
0.375382421,0.368915495
0.198827976,0.353085983
0.479581746,0.077541377
0.62166838,0.640068587
0.108709562,0.435045333
0.592292278,0.134342215
0.768045877,0.075930363
0.630984885,0.669624559
0.4167788,0.95609583
0.992679819,0.859426989
0.782875787,0.581585174
0.339330236,0.466504293
0.915295158,0.567340747
0.706723938,0.237654612
0.384587383,0.721421594
0.696416258,0.771468892
0.615055548,0.263267725
0.121028144,0.9896286
0.865672335,0.268937581
0.17351756,0.514042782
0.6804622,0.668565775
0.255287533,0.351090713
0.15805774,0.042046376
0.177060326,0.2752787
0.057911708,0.617318487
0.698145711,0.687745281
0.600575969,0.454146401
0.072258966,0.834635001
0.584550348,0.12524512
0.895500266,0.391358262
0.285885234,0.892806314
0.65474309,0.830205178
0.635135455,0.055495129
0.555266904,0.706672524
0.673013397,0.794533977
0.931306632,0.15439397
0.610852195,0.184285021
0.531494681,0.595155096
0.862697336,0.246683965
0.757742899,0.190989393
0.91770839,0.663803051
0.422216505,0.426565493
0.522941323,0.099755998
0.403851103,0.361990587
0.685813597,0.966550712
0.474335849,0.170691425
0.132293236,0.65279609
0.019500623,0.574359741
0.994942651,0.77123392
0.588099245,0.479025579
0.745510191,0.428478991
0.291125368,0.703053538
0.018259692,0.278233957
0.757779392,0.222143178
0.791039437,0.767968934
0.886174787,0.123578749
0.755461714,0.123027699
0.161044599,0.459227001
0.378409318,0.830764053
0.930910167,0.277492635
0.336453437,0.631477868
0.712911753,0.220740956
0.554616949,0.93833265
0.753094563,0.872112859
0.417702412,0.56137301
0.481928098,0.829799917
0.481932318,0.341252827
0.748852816,0.446243612
0.410771145,0.934675277
0.205688585,0.793493969
0.692119133,0.539327952
0.374370069,0.515677134
0.560358298,0.251220071
0.44399596,0.068743495
0.131484872,0.226883492
0.519099036,0.649283585
0.350583056,0.308189786
0.247544324,0.532223535
0.862740662,0.142802996
0.211111188,0.137199333
0.889378778,0.734170982
0.304418765,0.332710348
0.423434379,0.766023193
0.749876408,0.809753813
0.544653984,0.430865532
0.603883166,0.582975831
0.585523331,0.386983039
0.165492271,0.370215565
0.904086898,0.564377784
0.913684364,0.431222004
0.436025292,0.42844225
0.542122837,0.255362146
0.104344216,0.561045207
0.117676741,0.616036278
0.506333782,0.627015979
0.497534022,0.670734179
0.240716285,0.161239217
0.335116895,0.356864075
0.699632694,0.802145795
0.124842762,0.179269216
0.735014786,0.878275832
0.993560601,0.403466225
0.871291798,0.414865019
0.370192476,0.72938939
0.832001224,0.312464048
0.370467638,0.682185906
0.27726448,0.672291435
0.296878151,0.128452627
0.364962144,0.105871412
0.584340394,0.063398134
0.635702448,0.789058225
0.01814762,0.234008405
0.972135494,0.622159097
0.465405376,0.280921106
0.224772207,0.117293242
0.887353998,0.090823414
0.933976213,0.483936967
0.69141011,0.588480172
0.626771052,0.124575705
0.594897294,0.324889015
0.089853382,0.183014216
0.123186166,0.458279226
0.56969121,0.078765101
0.841644814,0.8756036
0.255178256,0.465170614
0.989505098,0.318877057
0.541629979,0.580287741
0.09039199,0.540895753
0.876773654,0.370665492
0.510166206,0.193114363
0.558268158,0.599202237
0.883929008,0.587549243
0.351591012,0.150641312
0.435587856,0.678336542
0.46509863,0.586873627
0.321908752,0.090172126
0.544793767,0.63572902
0.172731461,0.433011869
0.643630313,0.854590866
0.817845023,0.071906737
0.447313298,0.065169781
0.553940458,0.524197725
0.851612676,0.074179443
0.062731207,0.02471839
0.110494255,0.697367861
0.58882088,0.748663544
0.658790525,0.230857705
0.801542493,0.536575587
0.38730728,0.402003629
0.026242375,0.663511298
0.961085871,0.597016691
0.217097743,0.786744589
0.558885464,0.817964841
0.539839258,0.523552865
0.030989624,0.76006344
0.318203309,0.376847736
0.118260146,0.747164405
0.103015178,0.700728697
0.578083999,0.690863147
0.34876588,0.17437945
0.061082912,0.70254917
0.553338309,0.002257855
0.263177729,0.343375082
0.528141817,0.084083266
0.554717913,0.279415026
0.305624411,0.013912702
0.361145724,0.438853405
0.796770737,0.40060354
0.348420703,0.341936513
0.869257285,0.205114737
0.985801143,0.382758017
0.528493419,0.447340605
0.065329452,0.618231661
0.480849999,0.315064577
0.042542829,0.377849608
0.689223131,0.144833192
0.073905875,0.754975008
0.407764053,0.601396254
0.033239329,0.271748799
0.780394869,0.499841954
0.177466359,0.4868647
0.369476578,0.10857145
0.15148964,0.659256737
0.862908993,0.418678255
0.810808002,0.237346572
0.981636248,0.899824271
0.873363786,0.821645224
0.064336023,0.128708246
0.708476377,0.251823521
0.804121707,0.322162687
0.591202599,0.85329053
0.350259596,0.927459941
0.922862377,0.0437491
0.13979244,0.952686809
0.466169141,0.603735599
0.666220451,0.164328474
0.899427116,0.349344922
0.478373934,0.433950294
0.006955773,0.80476878
0.577641603,0.874011603
0.556496181,0.885873506
0.609878411,0.875578688
0.005064142,0.006151252
0.34770117,0.269526277
0.848440387,0.535790522
0.519838322,0.936216556
0.557880086,0.612183112
0.892737411,0.441110127
0.416509919,0.540049596
0.146856537,0.230961206
0.879998621,0.569565429
0.673650356,0.021571126
0.581122878,0.371817678
0.148941031,0.462364692
0.315286486,0.81299847
0.44388509,0.434652602
0.384791899,0.424024414
0.280802509,0.124474353
0.351388397,0.259874068
0.74521348,0.50711299
0.267201223,0.398230216
0.968616377,0.060467562
0.416347235,0.392742954
0.206479856,0.831240451
0.702661943,0.205196392
0.796664197,0.342584261
0.76199296,0.072873949
0.579373295,0.107254121
0.893356474,0.764739076
0.744943809,0.187711857
0.037314309,0.87102129
0.943260514,0.944369018
0.400043294,0.314425637
0.462910986,0.318799471
0.936060088,0.152447469
0.919140292,0.948809848
0.816945553,0.109418739
0.768052749,0.406338286
0.645113141,0.361372452
0.7828114,0.860415908
0.82128476,0.066638397
0.142328872,0.541342663
0.848589125,0.892307865
0.913261864,0.188973951
0.713601107,0.036214232
0.613841689,0.79838264
0.087717913,0.819264069
0.095487156,0.665152713
0.810445701,0.883049721
0.952363948,0.456302737
0.509127785,0.287695287
0.0648175,0.334489246
0.840287116,0.229964574
0.004652864,0.19830318
0.484797603,0.748069317
0.044593728,0.040225716
0.63437659,0.607269345
0.051631157,0.09308843
0.058891801,0.939472809
0.773071731,0.021508908
0.107522202,0.604729036
0.152880417,0.536659636
0.130150437,0.597287323
0.845550604,0.820942956
0.882972035,0.693687735
0.540721182,0.979555768
0.722875761,0.507939064
0.066204969,0.202688034
0.514465836,0.74548626
0.949665849,0.044723494
0.762463044,0.652817794
0.904012004,0.495185399
0.437367637,0.488674687
0.869406009,0.873168044
0.019374107,0.209283502
0.695247492,0.930409821
0.091029857,0.990783
0.416639341,0.986790469
0.312948295,0.685494173
0.140606071,0.211815034
0.303033993,0.262316336
0.180311121,0.404544238
0.501023365,0.598749707
0.10755432,0.369875988
0.20754719,0.954844739
0.616258538,0.792808458
0.126189482,0.967063374
0.429529553,0.739653847
0.281362012,0.272276134
0.349333874,0.138865
0.513642789,0.037634301
0.126967115,0.717032116
0.266355278,0.391245637
0.706780659,0.812483889
0.091316777,0.008350861
0.770090579,0.67055894
0.907138407,0.206206654
0.52573175,0.784990354
0.948184597,0.201768677
0.944882486,0.849869093
0.327810847,0.345190261
0.527971955,0.596240519
0.30629276,0.90167161
0.906963825,0.105950588
0.935608555,0.345205976
0.011168175,0.929814694
0.377511329,0.315964475
0.225737611,0.980333241
0.716107266,0.831699204
0.136115726,0.669322633
0.170725048,0.778254658
0.13718011,0.991421495
0.579261406,0.55356568
0.607972648,0.662666824
0.084994306,0.827368481
0.052265012,0.519266531
0.458503341,0.439049623
0.100486679,0.763193021
0.098830834,0.978404584
0.567317688,0.917256839
0.289838958,0.452758662
0.829146269,0.591838697
0.213140935,0.434908086
0.273972145,0.330891579
0.338909726,0.636093222
0.15545991,0.886136872
0.567500647,0.669372839
0.558975459,0.200694672
0.301047137,0.246174324
0.100823701,0.223848878
0.300181472,0.568190876
0.013022699,0.999021642
0.454860689,0.633139692
0.42474948,0.259267022
0.553419666,0.4291915
0.967439439,0.993539141
0.156454395,0.922214444
0.944889956,0.128755656
0.399388145,0.879403419
0.619451008,0.753481918
0.481389018,0.892362186
0.624920703,0.601925333
0.685333726,0.600503338
0.480129043,0.550342354
0.468574543,0.860788021
0.760977219,0.637791286
0.125713093,0.913963679
0.793518862,0.737512074
0.138872185,0.43178022
0.338077066,0.211880289
0.268092697,0.859355544
0.181031083,0.820259862
0.279958374,0.830784006
0.554815816,0.864431869
0.383871301,0.20475457
0.143246901,0.093324931
0.534385789,0.503202817
0.860156247,0.07278227
0.104727219,0.398694162
0.313672508,0.581842697
0.385758337,0.727683713
0.061122159,0.610563534
0.159060819,0.803651151
0.958377782,0.781229978
0.977180358,0.666160133
0.653539038,0.670428877
0.682549765,0.975402637
0.63532645,0.76998397
0.21381395,0.69421786
0.311696165,0.081642069
0.204542059,0.425270434
0.73900541,0.101731502
0.832383605,0.539047801
0.928332433,0.023011263
0.150700177,0.185349076
0.830048098,0.540526615
0.970243314,0.983026168
0.731399165,0.312459403
0.154936205,0.160166071
0.272696846,0.880465976
0.158959982,0.45264659
0.884920775,0.216962308
0.316099765,0.946865272
0.524003031,0.813117609
0.483548085,0.537268214
0.735016021,0.492574398
0.559347254,0.163852101
0.803684377,0.534493935
0.075960585,0.392218546
0.596738053,0.031589865
0.727841503,0.009684163
0.009040466,0.854032291
0.011036685,0.276159732
0.67847044,0.445357963
0.883654455,0.929898965
0.640000485,0.555258502
0.572069891,0.714938182
0.183190492,0.768559943
0.043814704,0.876332187
0.757210248,0.21189792
0.806391702,0.290343512
0.18080751,0.927141493
0.27514082,0.955117725
0.716380158,0.033764361
0.107286832,0.427605607
0.336671994,0.476446903
0.478028512,0.696935643
0.629803933,0.38900442
0.495905113,0.684054271
0.934868494,0.648477098
0.161705803,0.740626843
0.460263441,0.657202057
0.553551821,0.685028506
0.59453581,0.704267859
0.947032754,0.745552815
0.996009307,0.901144654
0.911302527,0.842204368
0.655883926,0.181727637
0.386844612,0.371215639
0.945905755,0.757836802
0.574384116,0.776624105
0.795528155,0.718303158
0.987757611,0.603566933
0.304733107,0.527261857
0.001840797,0.552502677
0.295147468,0.901890562
0.044647291,0.724011972
0.81293172,0.844957073
0.772477749,0.700822976
0.641876749,0.812843544
0.402375644,0.450976349
0.191012881,0.437997605
0.68059269,0.526748875
0.016455754,0.7449224
0.545698406,0.12625717
0.957730652,0.520085813
0.00447146,0.683979537
0.431835324,0.886114022
0.177734073,0.145397924
0.211344442,0.326141782
0.688599584,0.939834219
0.856117881,0.14950486
0.9937807,0.96737555
0.787241314,0.398142006
0.899232515,0.179124702
0.026010116,0.126227731
0.326286096,0.071379786
0.654509426,0.932230816
0.100469945,0.912114266
0.054246239,0.486413347
0.166015691,0.6287325
0.11090243,0.80843137
0.111223642,0.197407889
0.164074132,0.852205398
0.612547805,0.334397456
0.157091382,0.10777996
0.159125695,0.063439862
0.853016958,0.937237947
0.387552213,0.725414745
0.701778954,0.66785038
0.353209586,0.606015976
0.337411394,0.148818587
0.113152249,0.850644354
0.786297556,0.676421518
0.903963058,0.045814664
0.96465616,0.030570451
0.658516293,0.850037035
0.133288449,0.238723664
0.509396148,0.070925996
0.06971908,0.661901612
0.775841393,0.49547361
0.683128671,0.202835085
0.014446518,0.602914139
0.120189062,0.513192263
0.392269951,0.620620499
0.189575784,0.605824354
0.244106169,0.327316843
0.366871841,0.023971884
0.870173637,0.484092531
0.190312793,0.814624792
0.567945717,0.736840977
0.702840999,0.249181421
0.706057543,0.512985196
0.082387278,0.625009192
0.204933489,0.540439736
0.620518858,0.169267084
0.382278163,0.979007094
0.497274418,0.345736461
0.586206508,0.184804891
0.866970519,0.885182848
0.081487009,0.82682175
0.077274821,0.378637211
0.002588501,0.428451439
0.481196847,0.342712663
0.503522322,0.871473026
0.949035086,0.378440815
0.393634434,0.621288531
0.530041191,0.564850351
0.788889397,0.214102061
0.274292495,0.300420654
0.762975571,0.980685315
0.718587144,0.152915488
0.519003429,0.241166546
0.469312554,0.826157568
0.394652799,0.188324026
0.829107538,0.729502022
0.074491767,0.290401006
0.717458841,0.494181366
0.493971382,0.404751331
0.042487008,0.933930631
0.750575954,0.829851946
0.600145208,0.884522796
0.272093364,0.70276039
0.768048901,0.117000717
0.88869252,0.905512162
0.543301362,0.912928642
0.400545904,0.240745836
0.049452533,0.429572254
0.75761267,0.763777415
0.948858811,0.892365109
0.037995556,0.931849018
0.227106759,0.281661016
0.943826691,0.062865042
0.483495381,0.673634313
0.161055536,0.825401376
0.074007731,0.556101424
0.769187187,0.842729424
0.532580186,0.690339251
0.71452097,0.067644474
0.781793414,0.628711461
0.506600512,0.792379743
0.088525143,0.24676161
0.953599256,0.848340719
0.647418275,0.949683092
0.559149953,0.697057111
0.016020376,0.184797679
0.415688633,0.801642962
0.217110731,0.103704751
0.008176988,0.698550852
0.913666627,0.76280212
0.290640279,0.665061494
0.804232917,0.790495811
0.454727136,0.167282087
0.475176206,0.84694419
0.561954456,0.004018903
0.63829124,0.093770563
0.412044848,0.296039531
0.979293877,0.233264879
0.832901891,0.173942127
0.932727641,0.395360524
0.18479198,0.55368316
0.120213437,0.83912178
0.075346238,0.118486241
0.788691372,0.603983653
0.091627367,0.488860741
0.578531254,0.957591878
0.769105011,0.991782338
0.105694313,0.030252167
0.667221272,0.32945373
0.807974222,0.316694862
0.017059894,0.030462152
0.04232979,0.059349784
0.184826439,0.164420785
0.892831327,0.12793224
0.716971737,0.877165961
0.479221666,0.466211255
0.386651059,0.536718103
0.180205669,0.284102679
0.585968604,0.93323729
0.97017014,0.403176972
0.757859844,0.944823863
0.519152439,0.979734795
0.045425484,0.204435279
0.152485148,0.622212448
0.528173447,0.863326347
0.052148435,0.291966328
0.593690099,0.960576815
0.930450076,0.768797579
0.241823785,0.654968435
0.605875794,0.014440411
0.942676782,0.20328794
0.056773327,0.132058261
0.947503377,0.913932516
0.110555799,0.031035595
0.50849609,0.751858614
0.590279915,0.894591768
0.542297389,0.694837678
0.436219594,0.28929728
0.059707155,0.942432133
0.508220901,0.830287351
0.936777097,0.515287885
0.478570062,0.048899359
0.547471957,0.533547914
0.886543026,0.712269475
0.364971331,0.856016524
0.460171463,0.099177684
0.953271675,0.103289278
0.660296262,0.493416301
0.04239049,0.233479131
0.998035771,0.747565833
0.89451062,0.627053279
0.5953854,0.04748258
0.334543357,0.849642893
0.892739102,0.836160142
0.814758034,0.480492588
0.248447712,0.344295978
0.434385389,0.175286731
0.648958785,0.124689262
0.937531229,0.784290253
0.259365419,0.28948795
0.96656526,0.244378559
0.88604681,0.00157093
0.079629392,0.712884877
0.101939117,0.958413794
0.3091606,0.005277183
0.887535154,0.520585856
0.827561702,0.672158556
0.655807229,0.393319503
0.385220393,0.627094446
0.642712302,0.351051094
0.908862879,0.108815307
0.868509854,0.460579843
0.221132777,0.330413337
0.368588011,0.66500823
0.93271192,0.028762647
0.212779212,0.009525606
0.366148863,0.030852858
0.919951939,0.584926161
0.621636629,0.391009563
0.544603416,0.525870669
0.365323526,0.404202048
0.761496146,0.167732565
0.034802653,0.396357083
0.764563528,0.907053269
0.669963181,0.713659787
0.731403323,0.386164781
0.373202941,0.788765809
0.469924746,0.318182848
0.938039923,0.363228967
0.599174708,0.686365566
0.164432869,0.808781767
0.538084563,0.331115838
0.595875581,0.481297684
0.519893089,0.431469096
0.129679505,0.955120189
0.852995642,0.0279482
0.404253542,0.060420155
0.977884187,0.02613424
0.575024171,0.470673025
0.754619772,0.277668476
0.449935498,0.285831198
0.73586875,0.909668794
0.714523515,0.691270339
0.013841242,0.805529241
0.190363953,0.780164166
0.588028003,0.629171435
0.905844739,0.904487285
0.341134716,0.658485566
0.242405752,0.929460622
0.669817884,0.531672936
0.08457852,0.64116999
0.640032115,0.782353425
0.824544091,0.698803694
0.14150861,0.579137345
0.658738747,0.715044555
0.699805037,0.101309572
0.359922507,0.207628982
0.33051791,0.976188334
0.137675973,0.930861701
0.567021299,0.753904562
0.605590772,0.61362434
0.86339315,0.729883128
0.021480825,0.600881136
0.513987708,0.811553138
0.518078074,0.482171658
0.171818054,0.982156515
0.242566549,0.839835483
0.019780433,0.99876743
0.698433748,0.469310783
0.991865052,0.323002951
0.731902054,0.500651654
0.726690535,0.785640172
0.898761881,0.664729823
0.8624665,0.906770703
0.685327523,0.480755406
0.269567426,0.240185838
0.389456963,0.704783663
0.615812398,0.850027942
0.933225122,0.581079504
0.381612722,0.244452645
0.373530631,0.841902656
0.693081426,0.61719011
0.448512029,0.612380991
0.721432933,0.178800218
0.151590846,0.851547842
0.679801485,0.819985109
0.584701963,0.3210312
0.971589541,0.388542117
0.209378487,0.381686324
0.988793586,0.46432452
0.509395204,0.25828263
0.765429631,0.216473178
0.767332292,0.166170682
0.062043956,0.62884751
0.709357638,0.185794837
0.336772987,0.603771265
0.623303894,0.472640601
0.022833718,0.118813903
0.328303011,0.902976998
0.716023776,0.745870858
0.985778061,0.748212737
0.210881142,0.404505995
0.560601248,0.834042595
0.333099026,0.488225583
0.789158743,0.976883143
0.789582452,0.982172484
0.36038764,0.506253895
0.782598027,0.141819834
0.937337005,0.076510056
0.17614247,0.380463425
0.538623122,0.153597008
0.863104019,0.229038795
0.096538691,0.258551622
0.036302786,0.077496656
0.172768147,0.289927384
0.151664013,0.922178729
0.942449434,0.697565693
0.347323903,0.401392279
0.162870017,0.196092326
0.187325563,0.773511729
0.842869209,0.328547331
0.410441634,0.206735061
0.210281885,0.130733951
0.835494889,0.972875454
0.179906101,0.764908263
0.316292016,0.673251427
0.29399523,0.280464479
0.866856754,0.214614882
0.016625095,0.215495777
0.175764743,0.059495396
0.670702148,0.234464442
0.253665903,0.993675512
0.374714823,0.154953448
0.815943902,0.838443857
0.839416254,0.302026821
0.252966919,0.660674692
0.136123877,0.457672892
0.70178998,0.535447041
0.654980469,0.346321095
0.13067728,0.875158612
0.836767009,0.461338283
0.322170891,0.610909846
0.452788799,0.272748754
0.531710955,0.542116435
0.499650049,0.311333341
0.335513117,0.321489069
0.242231594,0.128924631
0.032876742,0.607573064
0.924619908,0.086470105
0.640850336,0.748125764
0.262524467,0.998418732
0.384040499,0.48370615
0.013827539,0.40382169
0.499744989,0.713169806
0.077520195,0.744276626
0.390987663,0.694297986
0.455796004,0.502977573
0.118053741,0.485634958
0.515277998,0.272902227
0.173947779,0.755037843
0.421557303,0.34881321
0.117007618,0.089344381
0.262805919,0.197529481
0.50564864,0.130177373
0.38192453,0.692373468
0.386761043,0.509956085
0.682341465,0.916130797
0.157270999,0.120501472
0.282116834,0.053929224
0.182076121,0.224234069
0.296304702,0.061965753
0.037634009,0.887754417
0.513659278,0.760840742
0.080331852,0.664824594
0.716681827,0.790977241
0.539267092,0.715752941
0.976158948,0.198623992
0.17316612,0.677232972
0.138034152,0.951957868
0.940522481,0.245465075
0.187086031,0.273534638
0.277585226,0.656313704
0.23412205,0.853805091
0.571910257,0.969664342
0.872912172,0.492220137
0.447743179,0.581815278
0.204218386,0.722172735
0.016601598,0.367867089
0.043837191,0.397739275
0.979636032,0.15562762
0.733407151,0.874402468
0.976396641,0.033602471
0.232412085,0.405352233
0.788255624,0.38849867
0.482780978,0.720224187
0.27701402,0.029120064
0.39216574,0.003726845
0.024573832,0.269447822
0.618858896,0.346486729
0.633616984,0.295767538
0.23608687,0.23743461
0.987036833,0.529715949
0.081744516,0.238169124
0.682578134,0.686998832
0.565113804,0.200674366
0.607551415,0.363165094
0.274197851,0.943682473
0.367985159,0.856169775
0.872970469,0.899227536
0.378958778,0.32633459
0.690000527,0.424044602
0.513107592,0.117181483
0.34066191,0.350798816
0.307093319,0.773455163
0.835229863,0.000417944
0.5424797,0.849274989
0.942114656,0.46333102
0.396827134,0.543793153
0.776702915,0.523312254
0.855479809,0.54693206
0.160246596,0.241962972
0.447461246,0.684964847
0.653098708,0.211398906
0.686004382,0.217561164
0.593548537,0.412364568
0.599600922,0.086582352
0.269556752,0.647072901
0.309863586,0.708178927
0.784209358,0.569690293
0.846749788,0.570449146
0.579644894,0.80263886
0.126677814,0.601150878
0.460261828,0.622727066
0.758162678,0.695842898
0.952714674,0.555072778
0.106882239,0.440246186
0.735351586,0.080477465
0.639988818,0.215680605
0.871291082,0.861051949
0.364562568,0.623774068
0.626653648,0.14985441
0.358079544,0.675201605
0.003817181,0.044334712
0.953089922,0.881698101
0.418369881,0.842786785
0.155344882,0.6878939
0.855137382,0.498085244
0.872182121,0.644046504
0.998225463,0.182683903
0.206960365,0.652233237
0.086116039,0.668976864
0.477249176,0.428433548
0.574852493,0.70413715
0.394521095,0.636916663
0.326329133,0.559414311
0.195152774,0.72435998
0.967024717,0.755221785
0.547376209,0.254032505
0.523256571,0.351733703
0.282127667,0.017300101
0.632792058,0.016777555
0.617608157,0.148993828
0.412739767,0.407175103
0.991320979,0.736802549
0.465438777,0.967342353
0.727596682,0.425992244
0.838157977,0.071139111
0.896918262,0.829026862
0.485458068,0.827169095
0.439786183,0.598080839
0.273403507,0.039608925
0.779985678,0.651938491
0.4311677,0.975822822
0.577689346,0.678972831
0.201353456,0.914062274
0.951067189,0.887373466
0.778697464,0.991969876
0.800524981,0.140600671
0.886587024,0.39934258
0.213861016,0.5732961
0.704896273,
